{
  "loss": 2.525822877883911,
  "det": 2.5088847875595093,
  "cls": 0.024286920204758644,
  "box_l1": 0.06731170322746038,
  "giou": 1.0740197002887726,
  "aux": 1.6938092708587646,
  "cfcr": 1.4189200499004073e-06,
  "ortho": 0.00891097355633974,
  "beta_cfcr": 0.0,
  "cache_efficiency": 88.88888888888889,
  "patch_accuracy": 0.9375,
  "positive_recall": 0.0,
  "positive_precision": 0.0,
  "routing_entropy": 2.0306347608566284,
  "expert_similarity": 0.00891097355633974
}