epoch,global_epoch,step,loss,det,cls,box_l1,giou,aux,cfcr,ortho,beta_cfcr,cache_efficiency,patch_accuracy,positive_recall,routing_entropy,expert_similarity
1.0,1.0,1.0,2.770254135131836,2.7567803859710693,0.0954035148024559,0.07475388050079346,1.1438037157058716,1.3473397493362427,0.0011184774339199066,0.008898753672838211,0.0002,88.88888888888889,0.9131944179534912,0.8333333333333334,2.0267083644866943,0.008899147622287273
1.0,1.0,2.0,2.4322781562805176,2.419065237045288,0.04095336049795151,0.06044532358646393,1.03794264793396,1.3212569952011108,0.0004495946632232517,0.008899147622287273,0.0004,88.88888888888889,0.9479166865348816,0.16666666666666666,2.0346639156341553,0.008899402804672718
1.0,1.0,3.0,2.75693678855896,2.7432072162628174,0.03511594608426094,0.07131437957286835,1.1757596731185913,1.372898817062378,0.0008224885677918792,0.008899402804672718,0.0006000000000000001,88.88888888888889,0.9097222089767456,0.0,2.0277745723724365,0.008901488967239857
1.0,1.0,4.0,2.3006136417388916,2.287632703781128,0.01192030031234026,0.056724801659584045,0.9960441589355469,1.2980347871780396,0.0005566791514866054,0.008901488967239857,0.0008,88.88888888888889,0.9409722089767456,0.05555555555555555,2.0336506366729736,0.008903788402676582
1.0,1.0,5.0,2.7373383045196533,2.724395513534546,0.010061762295663357,0.07006897032260895,1.1819944381713867,1.2942267656326294,0.0005910972831770778,0.008903788402676582,0.001,88.88888888888889,0.9375,0.0,2.037735939025879,0.008906741626560688
1.0,1.0,6.0,3.0065488815307617,2.9933383464813232,0.008963759988546371,0.08216658234596252,1.2867708206176758,1.32100510597229,0.0004512593732215464,0.008906741626560688,0.0012000000000000001,88.88888888888889,0.9375,0.0,2.036672592163086,0.008908506482839584
1.0,1.0,7.0,2.677666425704956,2.664997100830078,0.009366586804389954,0.07162251323461533,1.1487590074539185,1.2668617963790894,0.00046326511073857546,0.008908506482839584,0.0014000000000000002,88.88888888888889,0.9375,0.0,2.041548490524292,0.00890965573489666
1.0,1.0,8.0,2.5312232971191406,2.518904685974121,0.012915373779833317,0.06492624431848526,1.0906790494918823,1.2316312789916992,0.0014316431479528546,0.00890965573489666,0.0016,88.88888888888889,0.9375,0.0,2.0360889434814453,0.00891097355633974
